<application>
  <component name="MaterialThemeConfig">
    <option name="compactTables" value="true" />
    <option name="compactDropdowns" value="true" />
    <option name="compactSidebar" value="true" />
    <option name="isCompactMenus" value="true" />
    <option name="isCompactStatusBar" value="true" />
    <option name="isCompactTables" value="true" />
    <option name="isCompactFields" value="true" />
    <option name="isContrastMode" value="true" />
    <option name="overrideAccentColor" value="false" />
    <option name="pristineConfig" value="false" />
    <option name="accentColor" value="651fff" />
    <option name="selectedTheme" value="NATIVE" />
    <option name="userId" value="-6906ff18:18bcea8a191:-8000" />
    <option name="version" value="8.7.1" />
  </component>
</application>